Location,Time,s,Y
上海市,1990,0.0313947662769137,0.0313947662769137
上海市,1991,0.0448243799017471,0.03962909617090505
上海市,1992,0.0711172391431994,0.06094577273542092
上海市,1993,0.120224728505217,0.1012273583892801
上海市,1994,0.143327266235696,0.1343899846604183
上海市,1995,0.150139949377361,0.1475044437792085
上海市,1996,0.206023569657711,0.18440483427382842
上海市,1997,0.1928676828782,0.19795707461051365
上海市,1998,0.258925737066215,0.23337099336312994
上海市,1999,0.274028197170354,0.26818576808292016
上海市,2000,0.284518051272222,0.2804600217654336
上海市,2001,0.303064540238811,0.29588977891774165
上海市,2002,0.355597650905041,0.33527506957104714
上海市,2003,0.368577223106289,0.3635560391635328
上海市,2004,0.358649058853991,0.36248979706567813
上海市,2005,0.411662679122876,0.3911542113001919
上海市,2006,0.432851008044529,0.42465424352057873
上海市,2007,0.483691818410456,0.4640239081983182
上海市,2008,0.534269570356908,0.5147034250328109
上海市,2009,0.498881954025872,0.5125717527448722
上海市,2010,0.498696621770729,0.4987683180739022
上海市,2011,0.588164663163571,0.5535537001929739
上海市,2012,0.586671051540558,0.5872488593898387
上海市,2013,0.626408504709409,0.6110359593986879
上海市,2014,0.608605788943582,0.6154928195139909
上海市,2015,0.655652366848755,0.6374522661153603
上海市,2016,0.694895958691176,0.679714465020969
上海市,2017,0.680673950664065,0.6861757743938651
上海市,2018,0.731922276246094,0.7120967176286163
上海市,2019,0.818481802166748,0.784996006571452
上海市,2020,0.889251998029063,0.8618743490911882
上海市,2021,0.910765392825535,0.9024428756553748
云南省,1990,0.0345492478331936,0.0345492478331936
云南省,1991,0.0457857057108327,0.04143885043749534
云南省,1992,0.0936996414845687,0.07516400092484342
云南省,1993,0.121276090635737,0.11060806386804696
云南省,1994,0.131154678592967,0.12733311911019926
云南省,1995,0.145498473725855,0.13994953631230014
云南省,1996,0.192819991028525,0.1745135292173892
云南省,1997,0.190317195638079,0.1912854090608067
云南省,1998,0.230829429769301,0.21515715826829476
云南省,1999,0.259338468323154,0.2483096667270382
云南省,2000,0.272608394552725,0.2674748863390202
云南省,2001,0.340992534874991,0.3145379382210016
云南省,2002,0.350492084591562,0.3468171571162424
云南省,2003,0.349146607037801,0.3496671088065445
云南省,2004,0.394622459828803,0.3770299985152191
云南省,2005,0.417540140603926,0.4086743714607647
云南省,2006,0.447910291490892,0.43616151336413267
云南省,2007,0.473557456463017,0.4636357786959431
云南省,2008,0.519950225730607,0.5020030527040555
云南省,2009,0.505934767936049,0.5113566871285511
云南省,2010,0.5373757810293,0.5252127368518779
云南省,2011,0.562600138137294,0.55284202477938
云南省,2012,0.657356049428895,0.6206994591436721
云南省,2013,0.608276998450381,0.6272633670978263
云南省,2014,0.674271572937781,0.6487413865350813
云南省,2015,0.712061124319624,0.697442130283424
云南省,2016,0.631649620447131,0.6627570364541562
云南省,2017,0.792413014892875,0.7302212444509851
云南省,2018,0.77586601832664,0.7822672703995884
云南省,2019,0.748543611540527,0.7591133613061389
云南省,2020,0.740850930603017,0.7438268658188525
云南省,2021,0.851481943398966,0.8086840255316528
内蒙古自治区,1990,0.0327339349610486,0.0327339349610486
内蒙古自治区,1991,0.0473108984541046,0.041671759205860456
内蒙古自治区,1992,0.0918010720476944,0.07458992349866211
内蒙古自治区,1993,0.0927742977494857,0.09239780265467494
内蒙古自治区,1994,0.139426810156938,0.1213791547675708
内蒙古自治区,1995,0.128785839729015,0.13290232901075677
内蒙古自治区,1996,0.186189294652621,0.16398260697046255
内蒙古自治区,1997,0.228717005715444,0.21226504130553148
内蒙古自治区,1998,0.226302035631344,0.22723627358776555
内蒙古自治区,1999,0.265355757800942,0.2502477157466752
内蒙古自治区,2000,0.290326362564404,0.28066641401331455
内蒙古自治区,2001,0.308576400726176,0.301516322231157
内蒙古自治区,2002,0.358979462515067,0.33948089656881847
内蒙古自治区,2003,0.365274551704043,0.36283927877949584
内蒙古自治区,2004,0.383311777835923,0.376334026272081
内蒙古自治区,2005,0.438596481485002,0.4172094386812261
内蒙古自治区,2006,0.41002969266348,0.4210808351127622
内蒙古自治区,2007,0.475281661848574,0.4500387543917386
内蒙古自治区,2008,0.492526645558107,0.4858553751993603
内蒙古自治区,2009,0.560902508999258,0.5344511142799631
内蒙古自治区,2010,0.549177275361193,0.5537132149095593
内蒙古自治区,2011,0.584213483509048,0.5706596280321966
内蒙古自治区,2012,0.639520645714924,0.6181249147554048
内蒙古自治区,2013,0.691432957843538,0.6713505341665479
内蒙古自治区,2014,0.633209307602024,0.6557332901453958
内蒙古自治区,2015,0.679444041940208,0.6615580051697383
内蒙古自治区,2016,0.723997715703774,0.7067620019357266
内蒙古自治区,2017,0.754694220181687,0.7428191912521187
内蒙古自治区,2018,0.816889661544439,0.7928291804560671
内蒙古自治区,2019,0.808465816362693,0.8117246045189607
内蒙古自治区,2020,0.721053422602855,0.7548691525159394
内蒙古自治区,2021,0.801169943441774,0.7701766424493737
北京市,1990,0.038900768579355,0.038900768579355
北京市,1991,0.0456119079382151,0.04301568483749785
北京市,1992,0.0870823508517441,0.07103939359338561
北京市,1993,0.115562679458792,0.10454498438619331
北京市,1994,0.136567546887716,0.12844175495724738
北京市,1995,0.157227581430188,0.1492351890698701
北京市,1996,0.18999792031804,0.1773206227252472
北京市,1997,0.213291854217061,0.2042805304966889
北京市,1998,0.246571927480349,0.23369743771347487
北京市,1999,0.242241395109389,0.24391667371391496
北京市,2000,0.291647368924476,0.27253452925995336
北京市,2001,0.329429816025251,0.31481357030012563
北京市,2002,0.318286948721584,0.3225975982186496
北京市,2003,0.324992615015422,0.3223985091852727
北京市,2004,0.376622336789131,0.3566492339842333
北京市,2005,0.395127789391469,0.3879689031031088
北京市,2006,0.475498384135443,0.44440679393962695
北京市,2007,0.49477167873882,0.48731575061684523
北京市,2008,0.527883292156964,0.5150739715540901
北京市,2009,0.525465568300049,0.5264008715612145
北京市,2010,0.594270958421084,0.5676534000998938
北京市,2011,0.598207593703068,0.596684695293174
北京市,2012,0.611367893822461,0.6062767947772247
北京市,2013,0.612332587027209,0.6119593927528323
北京市,2014,0.729827489544112,0.6843742566696994
北京市,2015,0.650356115931369,0.6810998399082437
北京市,2016,0.694469124835268,0.6774038835052324
北京市,2017,0.760930740073735,0.735219877645392
北京市,2018,0.818153297985627,0.7960165908202704
北京市,2019,0.745385069077884,0.7735356627083301
北京市,2020,0.78865613540415,0.7719166019238021
北京市,2021,0.865295894733477,0.8356475886911473
吉林省,1990,0.0217834063867076,0.0217834063867076
吉林省,1991,0.0516444984303618,0.04009265114618514
吉林省,1992,0.0861925518833289,0.07282754042055958
吉林省,1993,0.101211643387062,0.0954014656767304
吉林省,1994,0.138356542129389,0.12398693377647702
吉林省,1995,0.131035248620107,0.13386751156676077
吉林省,1996,0.191161923828909,0.16790175073470442
吉林省,1997,0.193110126559414,0.19235645886405617
吉林省,1998,0.216297491772131,0.2073273944472189
吉林省,1999,0.266641322938239,0.24716567052468835
吉林省,2000,0.312366586609842,0.2946776399969428
吉林省,2001,0.291970115737715,0.29986054775227494
吉林省,2002,0.353343755948148,0.32960119094253926
吉林省,2003,0.374063698188797,0.36604813036726436
吉林省,2004,0.392528501199385,0.3853853403197062
吉林省,2005,0.456256331867411,0.43160304167451763
吉林省,2006,0.467683070407521,0.46326260452574436
吉林省,2007,0.483746757877162,0.47753247528499304
吉林省,2008,0.513889874425247,0.5022289251698224
吉林省,2009,0.534374557086497,0.5264500000936837
吉林省,2010,0.565092564667325,0.5532092172020298
吉林省,2011,0.561108886379387,0.5626499835081952
吉林省,2012,0.612813428882825,0.5928113814685924
吉林省,2013,0.652893249073118,0.6373882581190475
吉林省,2014,0.639069201410931,0.6444170730563922
吉林省,2015,0.700873156434308,0.6769641229353174
吉林省,2016,0.654776168592676,0.6726089177442679
吉林省,2017,0.797653407969996,0.7423809468269582
吉林省,2018,0.780340281019993,0.7870379127826096
吉林省,2019,0.775091529449575,0.777122023729068
吉林省,2020,0.809512247369804,0.7961964960153353
吉林省,2021,0.878725734438068,0.8519503026672186
四川省,1990,0.0353236015507285,0.0353236015507285
四川省,1991,0.0440380617273412,0.04066684834448497
四川省,1992,0.0834169902434638,0.06818314120111343
四川省,1993,0.103208411050504,0.09555204435214039
四川省,1994,0.144088384406869,0.12827385195428595
四川省,1995,0.148062457904421,0.14652507641573662
四川省,1996,0.162760380974562,0.15707444817436061
四川省,1997,0.237710054686892,0.20871556300996422
四川省,1998,0.220152330777357,0.22694458556040964
四川省,1999,0.248344582404159,0.23743833072006806
四川省,2000,0.293137245925732,0.2758090782988992
四川省,2001,0.325138572102875,0.31275876923601903
四川省,2002,0.357797570312628,0.34516334517371716
四川省,2003,0.384369154491854,0.37408986255945154
四川省,2004,0.382194749386964,0.38303592410585585
四川省,2005,0.430138051899815,0.41159105073462376
四川省,2006,0.436704155049099,0.434164039613207
四川省,2007,0.482408929182554,0.4647279090050063
四川省,2008,0.512672591793692,0.5009650089553742
四川省,2009,0.545202163649295,0.5326180074588173
四川省,2010,0.564732615372599,0.5571772052968802
四川省,2011,0.561198775501868,0.5625658513761777
四川省,2012,0.558361426995607,0.5594590632303569
四川省,2013,0.635992327763943,0.6059605958735661
四川省,2014,0.613995737846122,0.6225051804054181
四川省,2015,0.713864759667748,0.6752301482202844
四川省,2016,0.747794368305392,0.7346686039555501
四川省,2017,0.758830737515487,0.7545612871048849
四川省,2018,0.745673947600937,0.7507636887135758
四川省,2019,0.842984112471779,0.8053394020190378
四川省,2020,0.856639194994561,0.8513566879876034
四川省,2021,0.852648444830797,0.8541922777346209
天津市,1990,0.031857800809109,0.031857800809109
天津市,1991,0.0429507106983531,0.038659387367299215
天津市,1992,0.0867290130416274,0.06979325388416924
天津市,1993,0.110705584261899,0.10143018037747803
天津市,1994,0.135449301798181,0.12587712520785174
天津市,1995,0.173611774455147,0.15884851477678827
天津市,1996,0.198570317765173,0.18891503522120456
天津市,1997,0.209422301719707,0.20522418126283132
天津市,1998,0.233390181902204,0.22411814017014395
天津市,1999,0.244076910180769,0.2399427193460534
天津市,2000,0.279878066277569,0.2660282885392799
天津市,2001,0.355782748606467,0.32641880916528676
天津市,2002,0.334677730004347,0.34284226569731435
天津市,2003,0.396036940969729,0.3722999579580745
天津市,2004,0.360055513950944,0.37397503000146576
天津市,2005,0.402485226526963,0.3860711731067753
天津市,2006,0.467519966304442,0.44236109465375634
天津市,2007,0.490410180721739,0.4815550370162071
天津市,2008,0.501596500122612,0.49726904105976216
天津市,2009,0.502247998831853,0.5019959647272735
天津市,2010,0.557300778445653,0.53600345610599
天津市,2011,0.546531516415722,0.5506976356638452
天津市,2012,0.617774413791779,0.590213898946329
天津市,2013,0.671800397174246,0.650900293839132
天津市,2014,0.690531987955353,0.683285619477713
天津市,2015,0.670266833248281,0.6781064652357541
天津市,2016,0.693359370429747,0.684425957594929
天津市,2017,0.776328474061065,0.7442316434075561
天津市,2018,0.75342437750874,0.762284891557178
天津市,2019,0.805609022636583,0.7854212461743386
天津市,2020,0.764546392044965,0.7804315859617673
天津市,2021,0.846775000523986,0.8149646324988868
宁夏回族自治区,1990,0.0188884776426732,0.0188884776426732
宁夏回族自治区,1991,0.0558881864785426,0.04157474524852585
宁夏回族自治区,1992,0.0622579602592349,0.05979379539072511
宁夏回族自治区,1993,0.0946751603491255,0.0821344754916675
宁夏回族自治区,1994,0.125513609385044,0.1135836688047396
宁夏回族自治区,1995,0.168595620818552,0.15192922375418882
宁夏回族自治区,1996,0.152863590005458,0.15894957028900372
宁夏回族自治区,1997,0.205883338163189,0.18537249974950237
宁夏回族自治区,1998,0.215471293444748,0.21176216602843767
宁夏回族自治区,1999,0.283790208590327,0.25736084447904134
宁夏回族自治区,2000,0.270136960296616,0.2754187577269083
宁夏回族自治区,2001,0.322027900112298,0.30195374437456274
宁夏回族自治区,2002,0.33519444493264,0.3301009301073113
宁夏回族自治区,2003,0.399562101097336,0.3746612926149156
宁夏回族自治区,2004,0.406839631949393,0.40402429870953877
宁夏回族自治区,2005,0.395445072436071,0.3998530897710007
宁夏回族自治区,2006,0.47721526085161,0.4455822339149613
宁夏回族自治区,2007,0.472507917887555,0.4743289667278155
宁夏回族自治区,2008,0.48529929356994,0.48035091397881774
宁夏回族自治区,2009,0.552600655743319,0.5265649348558388
宁夏回族自治区,2010,0.51808821527899,0.5314394497571306
宁夏回族自治区,2011,0.575593743799748,0.5533475686599868
宁夏回族自治区,2012,0.592171641534651,0.5857584352578566
宁夏回族自治区,2013,0.675041922633758,0.6429833217542529
宁夏回族自治区,2014,0.680076057518439,0.678128588306303
宁夏回族自治区,2015,0.650480707230609,0.6619297515705458
宁夏回族自治区,2016,0.75456468055778,0.7142995032880388
宁夏回族自治区,2017,0.772128199200329,0.7653337027085427
宁夏回族自治区,2018,0.769363765049879,0.7704331941613957
宁夏回族自治区,2019,0.798442181010401,0.7871931141661395
宁夏回族自治区,2020,0.800566477318285,0.7997446873281823
宁夏回族自治区,2021,0.836400694721089,0.8225381271237615
安徽省,1990,0.0352031448134094,0.0352031448134094
安徽省,1991,0.0626795607090121,0.05205023208705441
安徽省,1992,0.0802986977766549,0.07348268514098712
安徽省,1993,0.100596848362681,0.09274445182680735
安徽省,1994,0.140638099281166,0.1251480289581674
安徽省,1995,0.166333920210429,0.15639341974974752
安徽省,1996,0.183311274743402,0.17674353748290533
安徽省,1997,0.218930255564853,0.2051509528432414
安徽省,1998,0.236648903847779,0.22979439501912763
安徽省,1999,0.247412449286467,0.24324854151771402
安徽省,2000,0.287100698032622,0.2717471875909492
安徽省,2001,0.308987488486254,0.3005205221579123
安徽省,2002,0.32317886513082,0.317688891237347
安徽省,2003,0.351710118159287,0.3406727228313055
安徽省,2004,0.399450478293393,0.3809819859571261
安徽省,2005,0.434930413326888,0.4212049008586813
安徽省,2006,0.457638334976109,0.4488537117396459
安徽省,2007,0.448481872358344,0.4520240756263646
安徽省,2008,0.473793327106042,0.46400151978170495
安徽省,2009,0.56461407307734,0.5294798125432083
安徽省,2010,0.523781612156404,0.5395777642899628
安徽省,2011,0.562607175906313,0.5475873975771971
安徽省,2012,0.585161650245632,0.576436388531767
安徽省,2013,0.598795151635775,0.5935209933505622
安徽省,2014,0.66150261618594,0.6372440574901482
安徽省,2015,0.666381193933482,0.6644939024365334
安徽省,2016,0.700803741721248,0.6874872824773857
安徽省,2017,0.673746925860768,0.6842139310312229
安徽省,2018,0.752440423985974,0.7219976233251321
安徽省,2019,0.794236913589327,0.7780678242537206
安徽省,2020,0.84651209017812,0.8262892913660642
安徽省,2021,0.798569698266809,0.8171163471632384
山东省,1990,0.0295390440931272,0.0295390440931272
山东省,1991,0.0513032695221407,0.042883717817641435
山东省,1992,0.0633281240037436,0.05867627529094866
山东省,1993,0.0922549431942634,0.08106452198604482
山东省,1994,0.147541672132211,0.1261538458397508
山东省,1995,0.152990354001849,0.1508825161248516
山东省,1996,0.168026993728094,0.16221002743862167
山东省,1997,0.190525268575586,0.18182174779289942
山东省,1998,0.207666357194725,0.20103527894335504
山东省,1999,0.254804599885884,0.23656903837270601
山东省,2000,0.316917163161945,0.2928887436940677
山东省,2001,0.336819147540566,0.3291200090141585
山东省,2002,0.32406193408413,0.3289970979222426
山东省,2003,0.349610730154605,0.33972710667327893
山东省,2004,0.39922054752749,0.3800288504103965
山东省,2005,0.442487992046449,0.42574985967242496
山东省,2006,0.420235422093038,0.42884389124769806
山东省,2007,0.481522272491282,0.45781328236815794
山东省,2008,0.527582854352369,0.5097641889565511
山东省,2009,0.500630382838731,0.5110570221056909
山东省,2010,0.554202463649853,0.5334779537986748
山东省,2011,0.530438845826652,0.5396318680916061
山东省,2012,0.560863437784302,0.5490935989765197
山东省,2013,0.582562627186775,0.5741682348517143
山东省,2014,0.676750954151997,0.6403139354567761
山东省,2015,0.678730630366351,0.6779647870654127
山东省,2016,0.722410548306292,0.7055128494314515
山东省,2017,0.698864621262311,0.7079734292382148
山东省,2018,0.817957855674679,0.7718863036196132
山东省,2019,0.725953259919943,0.7615454960661419
山东省,2020,0.751171406500939,0.7414156957028286
山东省,2021,0.833924693364607,0.8019113520335117
山西省,1990,0.0351552159949746,0.0351552159949746
山西省,1991,0.0609674261190265,0.050981900171609175
山西省,1992,0.0964051157334671,0.0826959460242144
山西省,1993,0.090978099971956,0.09307755625420268
山西省,1994,0.135663245990539,0.11837667181156478
山西省,1995,0.155603049757143,0.14788928069432636
山西省,1996,0.170401219853664,0.16467650620989063
山西省,1997,0.212298949700791,0.19609069529267548
山西省,1998,0.234009640748593,0.22561079896974898
山西省,1999,0.245998414300091,0.24136052359639482
山西省,2000,0.248535927636961,0.24755428347919778
山西省,2001,0.281541156711496,0.268772991190593
山西省,2002,0.322039231774109,0.30637243774854195
山西省,2003,0.386124808034779,0.3613331229550955
山西省,2004,0.39228678161558,0.3899030048377421
山西省,2005,0.425096553287795,0.4124040010116743
山西省,2006,0.471133218679033,0.4533238054367154
山西省,2007,0.473488592443315,0.472577409490516
山西省,2008,0.483970331729534,0.47991544146195964
山西省,2009,0.530698818085636,0.512621771960957
山西省,2010,0.545916784746579,0.5400296716233915
山西省,2011,0.609495850137912,0.5849001102099264
山西省,2012,0.648182815940548,0.6332166546164115
山西省,2013,0.671712164066667,0.6626097696916792
山西省,2014,0.622283769168439,0.6414052824919161
山西省,2015,0.666313524875273,0.6492804902782332
山西省,2016,0.704579482226639,0.689776189203746
山西省,2017,0.674540845077338,0.6861613761840449
山西省,2018,0.778807339236775,0.7384715532706929
山西省,2019,0.774811796871905,0.7763574836521796
山西省,2020,0.834666121877059,0.8115113082236866
山西省,2021,0.83602257056123,0.8354978245798889
广东省,1990,0.034771877881016,0.034771877881016
广东省,1991,0.0440419315561373,0.040455785268701756
广东省,1992,0.0905853048449918,0.07257987023003327
广东省,1993,0.121179139332317,0.10934382857682633
广东省,1994,0.125533357945815,0.12384891625187042
广东省,1995,0.136975451132223,0.13254904526242187
广东省,1996,0.168196775260493,0.15611871837589225
广东省,1997,0.182075449489997,0.1767064454036197
广东省,1998,0.22152889098992,0.20626621639061105
广东省,1999,0.2636732060791,0.2473695594778737
广东省,2000,0.271706767850191,0.2685989619269524
广东省,2001,0.300149706117831,0.2891464756029957
广东省,2002,0.356706005697623,0.33482704243838274
广东省,2003,0.350420025463391,0.35285177456322453
广东省,2004,0.408807218448497,0.38621996893566385
广东省,2005,0.435856725800815,0.42539254794725945
广东省,2006,0.480419470294906,0.4631802474892913
广东省,2007,0.424552689854772,0.4461649106991937
广东省,2008,0.471310725988476,0.45322224844937853
广东省,2009,0.48176271396001,0.47771933307204045
广东省,2010,0.572008267835601,0.5370965219783925
广东省,2011,0.557038695811778,0.5628297167722937
广东省,2012,0.647945739488484,0.6127780944447573
广东省,2013,0.633669200518966,0.6391921196969174
广东省,2014,0.638227557171784,0.6364641441042651
广东省,2015,0.670489670539156,0.6580089814156691
广东省,2016,0.721299214636422,0.7016433998680874
广东省,2017,0.709509844536658,0.7140705954552787
广东省,2018,0.816197200344392,0.7749248972537398
广东省,2019,0.728195548006703,0.7622392342548163
广东省,2020,0.896264446270493,0.8312465211683294
广东省,2021,0.838896325385454,0.8610893439956019
广西壮族自治区,1990,0.0210188379365157,0.0210188379365157
广西壮族自治区,1991,0.0647214817505923,0.04781499130754549
广西壮族自治区,1992,0.0711929059880782,0.06868941735500113
广西壮族自治区,1993,0.104077229580578,0.09135583668481038
广西壮族自治区,1994,0.138872733145099,0.12541199491202454
广西壮族自治区,1995,0.175103564096936,0.16108756543477776
广西壮族自治区,1996,0.169418245340762,0.1716176268616111
广西壮族自治区,1997,0.216109944435661,0.19804712956624884
广西壮族自治区,1998,0.260409993991391,0.24327239546012758
广西壮族自治区,1999,0.269850785336231,0.2661985887019641
广西壮族自治区,2000,0.251821690122886,0.2587962962180674
广西壮族自治区,2001,0.334480243680382,0.302503550194718
广西壮族自治区,2002,0.327292072927021,0.3300728369618399
广西壮族自治区,2003,0.346057629744198,0.3387981214101538
广西壮族自治区,2004,0.408364774865346,0.3842610808644599
广西壮族自治区,2005,0.407970386568573,0.4081229567883201
广西壮族自治区,2006,0.487603756373995,0.4567973637152211
广西壮族自治区,2007,0.45240630099031,0.46602253541300104
广西壮族自治区,2008,0.473979188141323,0.4656336561867997
广西壮族自治区,2009,0.556585958463723,0.5246292974679236
广西壮族自治区,2010,0.58646631254789,0.5749070136892679
广西壮族自治区,2011,0.553338535230121,0.5661541088829407
广西壮族自治区,2012,0.606860983734982,0.5861556742808103
广西壮族自治区,2013,0.626308112500629,0.618784936144987
广西壮族自治区,2014,0.656925700010196,0.6450812003313708
广西壮族自治区,2015,0.65551911153223,0.6560632542335549
广西壮族自治区,2016,0.682136046277919,0.6718392103515707
广西壮族自治区,2017,0.697044303307952,0.6912770022249096
广西壮族自治区,2018,0.793803355355706,0.7563718444456793
广西壮族自治区,2019,0.826212669403223,0.8136750352833952
广西壮族自治区,2020,0.812066167596367,0.8175387815328977
广西壮族自治区,2021,0.828677739661635,0.8222515063756073
新疆维吾尔自治区,1990,0.0156988488733123,0.0156988488733123
新疆维吾尔自治区,1991,0.0336674301862166,0.02671623406329745
新疆维吾尔自治区,1992,0.0728358621671908,0.057683444300375745
新疆维吾尔自治区,1993,0.113643669249814,0.09785705452281562
新疆维吾尔自治区,1994,0.149332928204096,0.13552643818951152
新疆维吾尔自治区,1995,0.14388857374101,0.14599473754863473
新疆维吾尔自治区,1996,0.189562190478422,0.17189322362699963
新疆维吾尔自治区,1997,0.230135468936558,0.21443958226631932
新疆维吾尔自治区,1998,0.217263593829559,0.222243114849074
新疆维吾尔自治区,1999,0.282839377315409,0.25747120138730345
新疆维吾尔自治区,2000,0.266659926820756,0.27291899266412484
新疆维吾尔自治区,2001,0.287218989219559,0.279265658216472
新疆维吾尔自治区,2002,0.394870255328988,0.3532250608322028
新疆维吾尔自治区,2003,0.387264084190835,0.39020655284793593
新疆维吾尔自治区,2004,0.406711192791748,0.3991880242368898
新疆维吾尔自治区,2005,0.414321272053435,0.411377291527774
新疆维吾尔自治区,2006,0.444812336273677,0.43301678248450776
新疆维吾尔自治区,2007,0.484261738199285,0.4690006263206399
新疆维吾尔自治区,2008,0.542555878332842,0.5200046265768518
新疆维吾尔自治区,2009,0.588098657926854,0.5704803057916465
新疆维吾尔自治区,2010,0.498123958895617,0.532930923795934
新疆维吾尔自治区,2011,0.574831460853155,0.5451569483849323
新疆维吾尔自治区,2012,0.60686395969497,0.5944720975952766
新疆维吾尔自治区,2013,0.66822573641219,0.6444877608322344
新疆维吾尔自治区,2014,0.650661139999477,0.6574560534296768
新疆维吾尔自治区,2015,0.72647168830526,0.6971441648751779
新疆维吾尔自治区,2016,0.738795475952527,0.7340279841054195
新疆维吾尔自治区,2017,0.749143514763033,0.7451403468998168
新疆维吾尔自治区,2018,0.761025118318374,0.7564286866285425
新疆维吾尔自治区,2019,0.785990172169844,0.7763323710046414
新疆维吾尔自治区,2020,0.779540544171561,0.7820356008683154
新疆维吾尔自治区,2021,0.825042626940239,0.8074400184861575
江苏省,1990,0.0331350905267073,0.0331350905267073
江苏省,1991,0.0514002466462646,0.0443343197268367
江苏省,1992,0.0577718038334836,0.05530694904915251
江苏省,1993,0.104155157351808,0.08621162683429205
江苏省,1994,0.159068767331926,0.1378252831557346
江苏省,1995,0.163596624917379,0.1618450104996883
江苏省,1996,0.203209205586433,0.18788496755280473
江苏省,1997,0.186969875146982,0.193252105715093
江苏省,1998,0.225069911326282,0.21033080537458224
江苏省,1999,0.253633284071401,0.24258346314086512
江苏省,2000,0.272463717298922,0.26517911134341293
江苏省,2001,0.288399335675836,0.28223459697170844
江苏省,2002,0.306245022487826,0.2993413684475792
江苏省,2003,0.359805911176009,0.33908573102900863
江苏省,2004,0.38080631210016,0.3726822480496014
江苏省,2005,0.404282888328169,0.39520090891010806
江苏省,2006,0.500326177279407,0.46317156133258236
江苏省,2007,0.489579082221466,0.493736626114247
江苏省,2008,0.495279988166495,0.4930745766978805
江苏省,2009,0.558774990358307,0.5342117705150412
江苏省,2010,0.59147894852587,0.5788273305010673
江苏省,2011,0.593569540852433,0.5927607893421192
江苏省,2012,0.621918697966748,0.6109517469543422
江苏省,2013,0.66423928833811,0.6478674491491255
江苏省,2014,0.657157644020216,0.6598971980044298
江苏省,2015,0.676806499492416,0.6692052845940497
江苏省,2016,0.753314941761279,0.7237174360924276
江苏省,2017,0.684805120247335,0.7113083370231417
江苏省,2018,0.734049814468582,0.714999366267686
江苏省,2019,0.81984307611182,0.7866537120033258
江苏省,2020,0.831293996064387,0.8268641755353185
江苏省,2021,0.844860710230407,0.8396123887703335
江西省,1990,0.0117919657677604,0.0117919657677604
江西省,1991,0.0516054096599748,0.03620346712459675
江西省,1992,0.070780234885753,0.063362399918929
江西省,1993,0.0908918393892591,0.08311160872908693
江西省,1994,0.110862820444125,0.10313699035982228
江西省,1995,0.146069085175845,0.13244944283213667
江西省,1996,0.168184023499444,0.159628797527141
江西省,1997,0.193923718546656,0.18396624526028102
江西省,1998,0.246861711920549,0.22638250057449494
江西省,1999,0.257984362594163,0.2536815339571863
江西省,2000,0.28492293015777,0.2745016696729113
江西省,2001,0.318385687566189,0.30544052592493365
江西省,2002,0.358047246355474,0.34270406099854134
江西省,2003,0.334704160366734,0.3437344987109954
江西省,2004,0.41708699338436,0.3852169631635569
江西省,2005,0.445683224942585,0.43462069248795676
江西省,2006,0.418219869911625,0.4288441459014308
江西省,2007,0.444998824247204,0.4346393105876797
江西省,2008,0.499688150186416,0.47853143092106704
江西省,2009,0.562343890507071,0.5381053414746672
江西省,2010,0.531815027015973,0.5436252035591844
江西省,2011,0.551077461718057,0.5436257347793838
江西省,2012,0.597012652688883,0.5792424951109643
江西省,2013,0.605698857239142,0.6023385746246609
江西省,2014,0.631187802266852,0.6213273323294355
江西省,2015,0.674564936183341,0.6577843701579587
江西省,2016,0.709368348046817,0.6959045504660915
江西省,2017,0.714640600784885,0.7126010150127136
江西省,2018,0.732769832266087,0.7257564881745793
江西省,2019,0.824361344023845,0.7889289105815008
江西省,2020,0.762122659716864,0.786199869459604
江西省,2021,0.861330917537026,0.8229519244984481
河北省,1990,0.0323001513966198,0.0323001513966198
河北省,1991,0.035434024755627,0.03422167704917753
河北省,1992,0.0791774694783068,0.06225519508922913
河北省,1993,0.109939516165781,0.09803913204845158
河北省,1994,0.129272367418628,0.12179339963961633
河北省,1995,0.154994226587982,0.14504365316102588
河北省,1996,0.197204024846851,0.1808750458976039
河北省,1997,0.225130085969412,0.2143268108291459
河北省,1998,0.246433811159353,0.23819240526507113
河北省,1999,0.232679477203608,0.23800037990602935
河北省,2000,0.296837342597193,0.2720176922635088
河北省,2001,0.309020416524991,0.30430736017527643
河北省,2002,0.376369313696988,0.3503152037618505
河北省,2003,0.359427712122415,0.3659816182505877
河北省,2004,0.404826650321884,0.387263943633952
河北省,2005,0.42134880174348,0.41495716108448144
河北省,2006,0.443671595703843,0.4350359601949583
河北省,2007,0.454349709680772,0.45021885131282663
河北省,2008,0.480657950673372,0.4704805337919819
河北省,2009,0.52072096099479,0.5052224729856831
河北省,2010,0.616955201554328,0.5797267154417867
河北省,2011,0.608117636065088,0.6115364730837196
河北省,2012,0.569054264251425,0.5841660392975873
河北省,2013,0.602777595471796,0.5897316301198953
河北省,2014,0.662805422936318,0.639583489369477
河北省,2015,0.639120532413853,0.6482830988015114
河北省,2016,0.704564213973836,0.6792471420465931
河北省,2017,0.740125635358388,0.7263685996665237
河北省,2018,0.794697096032482,0.7735859732758195
河北省,2019,0.809955866077614,0.8040529680507085
河北省,2020,0.869331941750114,0.8463621401936369
河北省,2021,0.866243459744059,0.8674382476781948
河南省,1990,0.0203342910306167,0.0203342910306167
河南省,1991,0.0654107233079347,0.04797277894133654
河南省,1992,0.0839278521940119,0.07676444890250911
河南省,1993,0.111534206348688,0.1008546107464406
河南省,1994,0.144810646802076,0.13193756239790982
河南省,1995,0.160561029638355,0.15446794982312176
河南省,1996,0.187617587160094,0.17715068192870642
河南省,1997,0.233903749249956,0.21599781750937988
河南省,1998,0.201090148918349,0.21378418232210347
河南省,1999,0.238667897824069,0.2241308401703365
河南省,2000,0.285623110573058,0.26745835470681645
河南省,2001,0.328100306828789,0.3116678842138069
河南省,2002,0.334153526476259,0.331811821462828
河南省,2003,0.374122082816549,0.35866013459519597
河南省,2004,0.421884144884445,0.403407257094169
河南省,2005,0.457574304772946,0.44376746622942975
河南省,2006,0.466886314680243,0.4632839375066093
河南省,2007,0.465481994417609,0.4660252596534654
河南省,2008,0.513073251858937,0.49466244031793755
河南省,2009,0.482050168469538,0.49405153536779833
河南省,2010,0.511271361189345,0.4999670607549462
河南省,2011,0.56935873363231,0.5468874705378707
河南省,2012,0.565349221915639,0.566900312778873
河南省,2013,0.659950005080261,0.6233534265464409
河南省,2014,0.650567635295857,0.6541972313854664
河南省,2015,0.656500574897554,0.6542054005574846
河南省,2016,0.73908834835842,0.7071390363518336
河南省,2017,0.804850200396825,0.7794100433268255
河南省,2018,0.762100769982308,0.7786385071458417
河南省,2019,0.784098516949955,0.7755886267826857
河南省,2020,0.810905267185989,0.8005350006043441
河南省,2021,0.806384083524005,0.8081331161156665
浙江省,1990,0.0227507400519349,0.0227507400519349
浙江省,1991,0.0571433690076018,0.04383848394792608
浙江省,1992,0.0811009732426282,0.0718329067896941
浙江省,1993,0.120096118573468,0.10501073713371371
浙江省,1994,0.122770530445196,0.12173592670491665
浙江省,1995,0.16859124989493,0.15086537594629404
浙江省,1996,0.170401345867697,0.16970110515926815
浙江省,1997,0.207711281097518,0.19327782791612283
浙江省,1998,0.236317656160789,0.22525119966275842
浙江省,1999,0.273987219790457,0.2594146433530197
浙江省,2000,0.288041999326673,0.2826048684080253
浙江省,2001,0.298684736575857,0.29456756379435056
浙江省,2002,0.315604332886366,0.30905893955637037
浙江省,2003,0.377119909705521,0.35332243612437886
浙江省,2004,0.40572825057435,0.3946610335989209
浙江省,2005,0.445033680739143,0.42982826474033164
浙江省,2006,0.48852507899012,0.47170030948617414
浙江省,2007,0.453278292500665,0.4669136108001072
浙江省,2008,0.480184083218397,0.4697755025483773
浙江省,2009,0.523857812204492,0.5069625075438207
浙江省,2010,0.502281509670719,0.5106283628756509
浙江省,2011,0.604396715259812,0.564893161316339
浙江省,2012,0.614796343470481,0.6107732181029881
浙江省,2013,0.604036301804923,0.6081988541292048
浙江省,2014,0.646013909822765,0.6297747543200717
浙江省,2015,0.672484984920626,0.6622445752085021
浙江省,2016,0.766399861766332,0.7300686280174844
浙江省,2017,0.797239406563281,0.785309042084746
浙江省,2018,0.791970959524329,0.7940090730511141
浙江省,2019,0.831419540643766,0.8161587462962924
浙江省,2020,0.795929528837859,0.8096589395337611
浙江省,2021,0.800899824702542,0.7989770517945032
海南省,1990,0.0218763246190792,0.0218763246190792
海南省,1991,0.0417041469928783,0.03403369824622627
海南省,1992,0.0709336549085263,0.05962613771727362
海南省,1993,0.106189136494181,0.09255045447236479
海南省,1994,0.14978396681742,0.13291918432596148
海南省,1995,0.180985366340003,0.1689150173450453
海南省,1996,0.195398226788396,0.18982257126365548
海南省,1997,0.18624054723595,0.18978322127856811
海南省,1998,0.252931104522487,0.22713167522015415
海南省,1999,0.277533844026812,0.26801620518390373
海南省,2000,0.290348482897192,0.28539110387648864
海南省,2001,0.295611295007796,0.2935753613688609
海南省,2002,0.322816676205097,0.3122921981170353
海南省,2003,0.387660038601819,0.36257520182812036
海南省,2004,0.384012595622286,0.38542361917814627
海南省,2005,0.405391302855367,0.39712088994720424
海南省,2006,0.431393382483346,0.42133440498532626
海南省,2007,0.486140798860671,0.4649616071462646
海南省,2008,0.48921212036248,0.48802397101758543
海南省,2009,0.555417245543679,0.529805607014018
海南省,2010,0.580213784740803,0.5706211739426943
海南省,2011,0.556500292858542,0.5656739237625282
海南省,2012,0.570078831401988,0.5648259356483135
海南省,2013,0.616971704065736,0.5988310646364733
海南省,2014,0.651343968805186,0.6380469616997209
海南省,2015,0.713391804990887,0.6893884253796195
海南省,2016,0.716034670408706,0.7150122705026796
海南省,2017,0.765034851192236,0.7460789937011275
海南省,2018,0.811463592144582,0.7935025033708017
海南省,2019,0.819417617514633,0.8163405804714141
海南省,2020,0.768824733078842,0.7883967324489205
海南省,2021,0.887428190889867,0.8415461102879485
湖北省,1990,0.0289114987035951,0.0289114987035951
湖北省,1991,0.0480487481942749,0.04064544950605762
湖北省,1992,0.0735390887390268,0.06367807894192508
湖北省,1993,0.0965848664142137,0.08766954262566452
湖北省,1994,0.102266366972344,0.10006846253212667
湖北省,1995,0.164703793486106,0.14054969976275677
湖北省,1996,0.178219741399892,0.17299105900700804
湖北省,1997,0.209421846629113,0.1973512246295613
湖北省,1998,0.226200773372112,0.21970979845920013
湖北省,1999,0.253069642029866,0.2426753447623977
湖北省,2000,0.285028974267759,0.27266541687418877
湖北省,2001,0.318683420333917,0.3056641033973003
湖北省,2002,0.341445509766869,0.33263993157120786
湖北省,2003,0.384041885397191,0.3675633579065839
湖北省,2004,0.359762992551498,0.369155350405401
湖北省,2005,0.426339015271273,0.40058389398761746
湖北省,2006,0.4806987248265,0.4596695185846061
湖北省,2007,0.484487897707806,0.48302204554157574
湖北省,2008,0.487908820383161,0.4865854268428677
湖北省,2009,0.508404717434344,0.5004758221233038
湖北省,2010,0.551590124405656,0.5348837284872379
湖北省,2011,0.584453952296744,0.5717404882206039
湖北省,2012,0.586859031787485,0.5859286200348697
湖北省,2013,0.616481410013783,0.6050219098399764
湖北省,2014,0.671234610068383,0.6500531809221867
湖北省,2015,0.679812509890325,0.6764941252640302
湖北省,2016,0.687707041785264,0.6846530199599044
湖北省,2017,0.734741710463357,0.7165462168478902
湖北省,2018,0.713129341178786,0.7214901469075119
湖北省,2019,0.845753034806985,0.7944471866211025
湖北省,2020,0.815957679181321,0.8274840961476607
湖北省,2021,0.875830556032001,0.8526685655451075
湖南省,1990,0.0303009305900035,0.0303009305900035
湖南省,1991,0.0633033848901322,0.05053629279849775
湖南省,1992,0.0794126262197155,0.0731807209889475
湖南省,1993,0.115087653625593,0.1012866691254601
湖南省,1994,0.122936833494136,0.11990035622750132
湖南省,1995,0.165611893948967,0.14910292701311187
湖南省,1996,0.157875978118916,0.16086863887430136
湖南省,1997,0.206277793284135,0.18755341521222263
湖南省,1998,0.220853614001051,0.21521491683896465
湖南省,1999,0.275244653866227,0.2542033274059778
湖南省,2000,0.300583803765856,0.2907812824942477
湖南省,2001,0.289313099225661,0.2936732029165465
湖南省,2002,0.299664135027085,0.2956598077695189
湖南省,2003,0.344406121371543,0.3270975583529399
湖南省,2004,0.361476174706619,0.3548725766543015
湖南省,2005,0.401818518645523,0.3862119696423366
湖南省,2006,0.409100947850323,0.4062837196689593
湖南省,2007,0.435067896287064,0.4250225093889962
湖南省,2008,0.503096822005595,0.47677964111823123
湖南省,2009,0.546017472124096,0.5294134981374224
湖南省,2010,0.583901788350034,0.5692461342678689
湖南省,2011,0.558300716835085,0.5682045632188553
湖南省,2012,0.630655512554006,0.6026648567132596
湖南省,2013,0.625862349793954,0.6277165982632124
湖南省,2014,0.648347252182231,0.6396489045729313
湖南省,2015,0.678925376228456,0.6670961431012078
湖南省,2016,0.681546838807568,0.6805327186497782
湖南省,2017,0.72271272962573,0.7067875892004133
湖南省,2018,0.767126495281828,0.7499449053579095
湖南省,2019,0.794464656865896,0.7838888123124678
湖南省,2020,0.812211306491947,0.8053459652651014
湖南省,2021,0.878478753037527,0.8528430053131045
甘肃省,1990,0.0209928463691,0.0209928463691
甘肃省,1991,0.0452461599814308,0.03586369752576091
甘肃省,1992,0.0788357547055444,0.0658415256926505
甘肃省,1993,0.12861264113038,0.10935631288153741
甘肃省,1994,0.148917628209746,0.14106258695723217
甘肃省,1995,0.174751939321592,0.16475786354500388
甘肃省,1996,0.201042057510273,0.19087165148645385
甘肃省,1997,0.188838579562935,0.19355952926488754
甘肃省,1998,0.255114828202102,0.2294756753630658
甘肃省,1999,0.266232964325288,0.2619318821548177
甘肃省,2000,0.305973560710081,0.290599799437449
甘肃省,2001,0.292814134725925,0.29790489560949096
甘肃省,2002,0.351880440418213,0.3290304742481778
甘肃省,2003,0.340288870337607,0.3447731017635454
甘肃省,2004,0.432640792678171,0.39691419226721747
甘肃省,2005,0.416926597783059,0.42300567819166385
甘肃省,2006,0.433262070772473,0.4269426471890142
甘肃省,2007,0.492850322123154,0.46979843980994557
甘肃省,2008,0.530830353984677,0.5161376720401896
甘肃省,2009,0.512837836638462,0.5197982924830615
甘肃省,2010,0.589548161728653,0.5598725571236384
甘肃省,2011,0.634232612712014,0.6169463074093666
甘肃省,2012,0.616928632115321,0.6236227255854838
甘肃省,2013,0.621065165913161,0.619464936201246
甘肃省,2014,0.675975642306089,0.6547333703668988
甘肃省,2015,0.680036004954826,0.6784652422657718
甘肃省,2016,0.736066169664341,0.7143907431566514
甘肃省,2017,0.71901725575944,0.725612675963851
甘肃省,2018,0.792137331486899,0.7638506249265292
甘肃省,2019,0.834623775496423,0.8181877753619256
甘肃省,2020,0.825465746370636,0.8290085556466825
甘肃省,2021,0.854252859951823,0.8431164842507612
福建省,1990,0.0288214984164315,0.0288214984164315
福建省,1991,0.0583417678499118,0.04692176874924992
福建省,1992,0.0807471084062299,0.07207953951497233
福建省,1993,0.118410827725545,0.10384051217597412
福建省,1994,0.150080547208915,0.13782902732244287
福建省,1995,0.137773409354348,0.14253446018240976
福建省,1996,0.196522489384313,0.1737952428522743
福建省,1997,0.217749995039001,0.20953807488589785
福建省,1998,0.236268063127726,0.22910429650304237
福建省,1999,0.243541974048115,0.24072804118898855
福建省,2000,0.277918045628305,0.264619565835813
福建省,2001,0.304591189716417,0.2942726090481595
福建省,2002,0.350890697605297,0.332979603004906
福建省,2003,0.376088009026827,0.36634035836864515
福建省,2004,0.426795056147726,0.40717889262243206
福建省,2005,0.43418716288,0.4313275056392425
福建省,2006,0.445712305424983,0.44125377167767815
福建省,2007,0.478197553210896,0.46563054391120595
福建省,2008,0.519578421419,0.5035701163868924
福建省,2009,0.548740235992735,0.5374589061608325
福建省,2010,0.526683033953494,0.5352159244821139
福建省,2011,0.541739225880961,0.5359146957675583
福建省,2012,0.569261406737221,0.5586143738117602
福建省,2013,0.669450693948974,0.6306921869362797
福建省,2014,0.664677982818968,0.6665243195177304
福建省,2015,0.607307489716241,0.6295014260254609
福建省,2016,0.735608401581462,0.6859748336556498
福建省,2017,0.717405453452232,0.7244473150359695
福建省,2018,0.716942081054925,0.7171213379676181
福建省,2019,0.827684177703394,0.7848432867358949
福建省,2020,0.82304447126992,0.8248393547284535
福建省,2021,0.789096770589577,0.8022295338969256
西藏自治区,1990,0.0428740334271339,0.0428740334271339
西藏自治区,1991,0.0458325750994711,0.04468805494820708
西藏自治区,1992,0.0557731955365087,0.05192763861478765
西藏自治区,1993,0.104238161539749,0.08548935338886889
西藏自治区,1994,0.137073452580823,0.12437102806522035
西藏自治区,1995,0.168463313015801,0.1563200573878293
西藏自治区,1996,0.175607807661913,0.17284393985179244
西藏自治区,1997,0.211767677912663,0.1977791305969236
西藏自治区,1998,0.235011898297223,0.22601980638947763
西藏自治区,1999,0.285389338415219,0.2659006842842822
西藏自治区,2000,0.285441016566401,0.2854210247285435
西藏自治区,2001,0.30451617878636,0.2971368987331146
西藏自治区,2002,0.333320163813009,0.3221772613459082
西藏自治区,2003,0.322081131580362,0.326428982750161
西藏自治区,2004,0.385652154617467,0.36105952589679124
西藏自治区,2005,0.442604476023054,0.4205723106087788
西藏自治区,2006,0.416503062782179,0.4266004677672004
西藏自治区,2007,0.474535744654868,0.4520856387610692
西藏自治区,2008,0.48166070378955,0.4789043933468669
西藏自治区,2009,0.518815133752769,0.5044418382202985
西藏自治区,2010,0.529857069740788,0.5255854658065188
西藏自治区,2011,0.620898136021916,0.5856786439574356
西藏自治区,2012,0.593595578932125,0.604157649786992
西藏自治区,2013,0.640597622061082,0.622414749730886
西藏自治区,2014,0.599550804948855,0.6154298813767628
西藏自治区,2015,0.752972174216012,0.6936206868252452
西藏自治区,2016,0.711687449001318,0.727658560846529
西藏自治区,2017,0.720877626810714,0.7173223807261645
西藏自治区,2018,0.797657646057133,0.7679550800721336
西藏自治区,2019,0.755976627790619,0.7721010467154141
西藏自治区,2020,0.874438674662392,0.8286112992792969
西藏自治区,2021,0.802171085112037,0.8301280050016655
贵州省,1990,0.0176697508960533,0.0176697508960533
贵州省,1991,0.0584016424213128,0.042644395840793325
贵州省,1992,0.0727770610552398,0.06721589000153341
贵州省,1993,0.0847303574238099,0.08010619116792211
贵州省,1994,0.117493214847949,0.10481881148039576
贵州省,1995,0.166087647366987,0.14728875473102765
贵州省,1996,0.156558748653184,0.16024502987047232
贵州省,1997,0.2177292598913,0.19406527589886274
贵州省,1998,0.230160708438927,0.22535156767028575
贵州省,1999,0.274540302501467,0.257371931954444
贵州省,2000,0.27761146990167,0.27642338017141427
贵州省,2001,0.296775832849875,0.2893620452445003
贵州省,2002,0.335314924897459,0.32040596895058077
贵州省,2003,0.345811091279504,0.3417506198494091
贵州省,2004,0.376129882557957,0.36440097303992935
贵州省,2005,0.400499728353217,0.39107218509544783
贵州省,2006,0.434055225168951,0.42107418702763466
贵州省,2007,0.459510945514897,0.4496633286388904
贵州省,2008,0.533142157027187,0.5046577161535774
贵州省,2009,0.469717928284568,0.49425376922033587
贵州省,2010,0.549719411729157,0.5187706132756901
贵州省,2011,0.568526732331989,0.5612510675602235
贵州省,2012,0.645182933809283,0.6155282670758553
贵州省,2013,0.666968411966932,0.6585406385846988
贵州省,2014,0.660396144111185,0.6629386443810781
贵州省,2015,0.640680086191744,0.6483072985454785
贵州省,2016,0.7296114891138,0.6952081262420966
贵州省,2017,0.743679618566262,0.7382373231950382
贵州省,2018,0.737868555446863,0.7401165815276197
贵州省,2019,0.758831690826681,0.7507220430565608
贵州省,2020,0.845027154057168,0.8116821971355724
贵州省,2021,0.865379734661854,0.8575062817204641
辽宁省,1990,0.0220221506108118,0.0220221506108118
辽宁省,1991,0.0366066792979703,0.030964613433150334
辽宁省,1992,0.0620063079182286,0.05218039028376687
辽宁省,1993,0.108681088702364,0.09062481872896438
辽宁省,1994,0.128132836524596,0.12060787327394717
辽宁省,1995,0.169946881983635,0.15377100111597305
辽宁省,1996,0.178038018041191,0.17490793934360885
辽宁省,1997,0.221934407462014,0.204952965987108
辽宁省,1998,0.236598537888889,0.23092567786759893
辽宁省,1999,0.245445953906633,0.24202330618339687
辽宁省,2000,0.281741051062793,0.2677001908390821
辽宁省,2001,0.340305911171598,0.31764993063320857
辽宁省,2002,0.321533588536474,0.32879571424618426
辽宁省,2003,0.373348829604648,0.3533039581398904
辽宁省,2004,0.397277322070204,0.3880205175870131
辽宁省,2005,0.443939846565535,0.4258883179718656
辽宁省,2006,0.485926858643903,0.4696840651539957
辽宁省,2007,0.447907496369775,0.46261539339478847
辽宁省,2008,0.52169923865675,0.493152696002306
辽宁省,2009,0.529664919841256,0.5265833737134945
辽宁省,2010,0.580206157293007,0.5606541377036895
辽宁省,2011,0.559489289951572,0.5675036682397118
辽宁省,2012,0.619616002906738,0.5963558152102466
辽宁省,2013,0.658495133395777,0.6434546326232543
辽宁省,2014,0.65636556531695,0.6571893947064414
辽宁省,2015,0.735749119551405,0.7050393687475506
辽宁省,2016,0.71491628537001,0.7229755257557344
辽宁省,2017,0.774803695947622,0.7516360830476653
辽宁省,2018,0.77678787918631,0.7760202923303559
辽宁省,2019,0.802062550882814,0.7922849731850901
辽宁省,2020,0.777591680711896,0.7870583055329877
辽宁省,2021,0.870732878970319,0.8347009449548592
重庆市,1990,0.0191093447364264,0.0191093447364264
重庆市,1991,0.0378847056632604,0.030621404581872947
重庆市,1992,0.0801006436087155,0.063769289504477
重庆市,1993,0.113316646164122,0.10046694233045331
重庆市,1994,0.121749412351106,0.11848717307891873
重庆市,1995,0.153552600581196,0.14124944793537714
重庆市,1996,0.205087148426911,0.18515086392323335
重庆市,1997,0.230980928435992,0.2209638469495654
重庆市,1998,0.223844583290402,0.2266052984433681
重庆市,1999,0.251951136119441,0.24107803725584132
重庆市,2000,0.320771388902943,0.2941480809190545
重庆市,2001,0.312144125863972,0.3154816067893487
重庆市,2002,0.335963993429845,0.326749210794032
重庆市,2003,0.371047001650868,0.3574750414343328
重庆市,2004,0.367857817489495,0.3690915623351101
重庆市,2005,0.387942166136245,0.3801724794807725
重庆市,2006,0.442209934468066,0.4212162959465473
重庆市,2007,0.503906653514613,0.4800391045542955
重庆市,2008,0.467041368615358,0.481302807568136
重庆市,2009,0.561600374572342,0.525019957668575
重庆市,2010,0.522781091255461,0.5377984399814295
重庆市,2011,0.550460116319886,0.539752407772198
重庆市,2012,0.60415285662246,0.583381669308294
重庆市,2013,0.667329833111795,0.6428896424043051
重庆市,2014,0.709131760722533,0.692960567678504
重庆市,2015,0.66593284957382,0.6826444696211752
重庆市,2016,0.753312628818663,0.7195095159222611
重庆市,2017,0.733388517224517,0.7410962157263667
重庆市,2018,0.786295168910712,0.7658280821845275
重庆市,2019,0.775814710691346,0.7798691053746121
重庆市,2020,0.852180442551745,0.8226381448050294
重庆市,2021,0.86094098043915,0.8575519417645229
陕西省,1990,0.0264004710573572,0.0264004710573572
陕西省,1991,0.052607770967522,0.0424694034272372
陕西省,1992,0.100330280803726,0.08186869390531247
陕西省,1993,0.10720003920711,0.10454245388373783
陕西省,1994,0.122978471441021,0.11687454063757256
陕西省,1995,0.178549008681917,0.15705139035074478
陕西省,1996,0.1715961364841,0.1742858746121685
陕西省,1997,0.215131445326648,0.19828968888708556
陕西省,1998,0.242163197333924,0.23170588818544133
陕西省,1999,0.239966499603386,0.2408162982870904
陕西省,2000,0.309855761476361,0.28281890432525064
陕西省,2001,0.34081282047127,0.32883699529536414
陕西省,2002,0.357285768901721,0.35091316255797117
陕西省,2003,0.363097558029895,0.3608492510906057
陕西省,2004,0.413954542603568,0.39428037535375887
陕西省,2005,0.405769621474997,0.40893598119057806
陕西省,2006,0.442834725422813,0.4284959859101603
陕西省,2007,0.463169399328636,0.4553028736439694
陕西省,2008,0.510072338010236,0.4919278045137095
陕西省,2009,0.555964947725334,0.5382112628257292
陕西省,2010,0.520973758149148,0.5345101980651716
陕西省,2011,0.546302835264171,0.5365042106775643
陕西省,2012,0.635649729173813,0.6010856324471813
陕西省,2013,0.589562699825521,0.6073915965060086
陕西省,2014,0.715232621767975,0.666616859679591
陕西省,2015,0.682310915555739,0.6950467700228934
陕西省,2016,0.701855158300199,0.6942944131292313
陕西省,2017,0.696352869559585,0.6984814454051066
陕西省,2018,0.815048775165673,0.7691309308747116
陕西省,2019,0.768218700810183,0.7863350465376066
陕西省,2020,0.764509100120915,0.7659441695612775
陕西省,2021,0.802939285507919,0.7880724604084127
青海省,1990,0.0179758500264343,0.0179758500264343
青海省,1991,0.0444477188717335,0.0342070020961849
青海省,1992,0.088839520336295,0.07166642732153095
青海省,1993,0.127946721752955,0.11281799110183342
青海省,1994,0.130374967018293,0.12943559352074302
青海省,1995,0.146562052287808,0.14030003291035123
青海省,1996,0.166212865644639,0.1586108933331069
青海省,1997,0.213230754835954,0.19504175241205118
青海省,1998,0.231627276679078,0.22451053056071393
青海省,1999,0.245926452028628,0.24039477590351566
青海省,2000,0.276998694356819,0.2649783101850864
青海省,2001,0.33116572689163,0.3102110582959736
青海省,2002,0.337541075560669,0.33507475403095227
青海省,2003,0.399674948742397,0.37563828547769057
青海省,2004,0.436566804023929,0.42229508624417794
青海省,2005,0.407810121282707,0.41893472472790183
青海省,2006,0.493743649909088,0.4605000231244027
青海省,2007,0.464909756767691,0.4760642292729413
青海省,2008,0.492997134061162,0.48213145330732704
青海省,2009,0.539424932678167,0.5214642084494587
青海省,2010,0.554653042503983,0.5487620054689902
青海省,2011,0.590196419445381,0.5764463642970057
青海省,2012,0.604884252430292,0.5992022230078871
青海省,2013,0.667218022074902,0.6431040283023733
青海省,2014,0.640901888909728,0.6510823589002336
青海省,2015,0.620528282711887,0.6284098694630129
青海省,2016,0.63969108917831,0.632277903702282
青海省,2017,0.76009986028684,0.7135193891678439
青海省,2018,0.715124282274549,0.7325232108856
青海省,2019,0.815060829375441,0.776400095584134
青海省,2020,0.816974761696877,0.8162343516054725
青海省,2021,0.880586957815083,0.855978401172401
黑龙江省,1990,0.022248019212511,0.022248019212511
黑龙江省,1991,0.0520876559730133,0.04054410872535396
黑龙江省,1992,0.0786791954836783,0.06839218377528931
黑龙江省,1993,0.0898750886801697,0.0855439259676089
黑龙江省,1994,0.147915191730266,0.12546221493315415
黑龙江省,1995,0.153968289722252,0.15162663177158645
黑龙江省,1996,0.196148337233802,0.17983086744467255
黑龙江省,1997,0.20026299073782,0.19867122547899319
黑龙江省,1998,0.229479472302646,0.21817699439177685
黑龙江省,1999,0.253909716599652,0.2444588080119296
黑龙江省,2000,0.31419959247255,0.29087628474329735
黑龙江省,2001,0.305188033059936,0.3086741801162667
黑龙江省,2002,0.330099364951212,0.32046234627712056
黑龙江省,2003,0.385997148113569,0.3643729337790235
黑龙江省,2004,0.36698611555914,0.3743405868712482
黑龙江省,2005,0.433700270859145,0.40789171259905693
黑龙江省,2006,0.4079204275012,0.41789343227428777
黑龙江省,2007,0.47817079157151,0.45099424102166197
黑龙江省,2008,0.509420710872113,0.49733159186482195
黑龙江省,2009,0.57537616851547,0.5498611145736985
黑龙江省,2010,0.581504817580023,0.5791339324848453
黑龙江省,2011,0.60126216202007,0.5936189778599381
黑龙江省,2012,0.60019579290802,0.6006083207925648
黑龙江省,2013,0.629575818060006,0.6182100728533388
黑龙江省,2014,0.708022816384006,0.6776753748632433
黑龙江省,2015,0.679781228795738,0.6907065662350197
黑龙江省,2016,0.665598276341171,0.6710849913130943
黑龙江省,2017,0.747280958937999,0.715681783872968
黑龙江省,2018,0.75591023778751,0.752571977040167
黑龙江省,2019,0.819008998483151,0.7945990657750218
黑龙江省,2020,0.804146107587321,0.8098958586539936
黑龙江省,2021,0.851032029624893,0.8328940790648786
